Prediction,Score,True_Label,Correct
0,-63.91882260162295,0,True
1,-56.19129914682604,1,True
1,-59.90251466387868,1,True
0,-64.2998279422079,0,True
0,-68.79927343687457,1,False
1,-57.93460229379813,1,True
0,-68.86831049386826,0,True
0,-69.66719112815352,1,False
0,-68.48606506683474,0,True
0,-64.93997231978244,1,False
1,-59.106683955275415,1,True
0,-66.87854849721784,0,True
0,-65.84881646155168,0,True
0,-68.88929779449175,0,True
0,-68.40510700301058,0,True
1,-10.4428840734194,1,True
0,-60.966777031376466,0,True
0,-64.51248503370462,0,True
1,-59.106683955275415,1,True
1,-57.89041967294703,0,False
0,-68.65288624727617,1,False
0,-65.12858439710513,1,False
1,-40.989197161834575,1,True
1,-27.66740355891651,1,True
1,-10.359529427477575,0,False
0,-64.01008818971405,1,False
0,-67.29642085010256,1,False
1,-43.07878264446343,1,True
1,-39.999350509809304,0,False
0,-64.2998279422079,0,True
0,-62.99071882357418,1,False
1,-56.62792056987797,1,True
1,-49.51993755416186,1,True
0,-60.80141711777259,0,True
0,-72.10188049215829,0,True
0,-69.9549603623142,0,True
1,-53.562181063958974,1,True
0,-67.57519983148585,0,True
0,-69.74095724669503,0,True
0,-69.91367883415803,1,False
1,-39.56393353962513,1,True
0,-66.3876887996463,0,True
0,-65.84258293748202,0,True
1,-40.989197161834575,1,True
0,-60.34710635331174,0,True
1,-31.843813766870717,1,True
1,-59.99598745234403,1,True
0,-66.86627315028994,0,True
0,-67.24593047795302,0,True
0,-61.164966426068375,0,True
1,-27.04331532797474,1,True
1,-54.78489362950803,0,False
1,-59.40558621631964,1,True
1,-59.106683955275415,1,True
1,-57.93460229379813,1,True
0,-68.53417038341453,0,True
1,-43.07878264446343,1,True
0,-67.46412149427454,1,False
1,-4.777680017903613,1,True
0,-60.14344767650243,0,True
1,-40.989197161834575,1,True
0,-69.50787339907065,0,True
0,-60.58665169555806,0,True
1,-59.106683955275415,1,True
0,-70.68933899993472,0,True
0,-60.44570436939954,1,False
1,-57.93460229379813,1,True
0,-69.89668513389802,0,True
1,-50.12030885397405,0,False
0,-66.81332380464869,0,True
1,-58.06990665756804,1,True
1,-57.39794933270407,0,False
0,-66.46258432216536,0,True
1,-39.61279766525764,1,True
0,-75.57045688947674,0,True
0,-69.64512377357667,1,False
0,-67.0493241815629,0,True
0,-61.18236871485059,0,True
0,-70.15028895897935,0,True
0,-60.590384071318276,0,True
1,-4.777680017903613,1,True
1,-55.59767491848038,0,False
0,-60.66950014627191,0,True
0,-66.02144072650731,0,True
1,-31.843813766870717,1,True
0,-60.58463706898448,0,True
1,-53.562181063958974,1,True
1,-11.212336887989942,1,True
1,-49.51993755416186,1,True
1,-40.989197161834575,1,True
0,-67.29642085010256,1,False
1,-59.90251466387868,1,True
0,-64.93997231978244,1,False
0,-70.10626523267734,0,True
1,-40.827624679733376,0,False
0,-66.77060686977673,0,True
1,-59.12339767905025,0,False
1,-41.50271054197405,0,False
0,-60.86597566852927,0,True
0,-64.0373752752696,0,True
1,-58.335740526176,1,True
1,-0.5094947352312929,0,False
1,-53.562181063958974,1,True
0,-62.35564539226103,1,False
0,-66.9064368429334,1,False
1,-31.843813766870717,1,True
1,-49.51993755416186,1,True
0,-62.99071882357418,1,False
0,-72.26660071533803,0,True
0,-60.44570436939954,1,False
1,-49.2258676114105,0,False
0,-60.090321431872425,1,False
0,-63.78080226703244,0,True
1,-42.06993941535379,1,True
0,-69.79263146291554,1,False
0,-62.99071882357418,1,False
0,-69.95936230606807,0,True
0,-64.93997231978244,1,False
1,-50.64090740990294,0,False
1,-51.65411066624309,1,True
1,-59.106683955275415,1,True
1,-31.843813766870717,1,True
0,-60.57662357572396,0,True
0,-61.73430036773846,0,True
0,-64.2998279422079,0,True
0,-64.93997231978244,1,False
1,-59.106683955275415,1,True
0,-60.44570436939954,1,False
0,-60.18290123763146,1,False
0,-68.60956839562431,0,True
0,-60.548698487557864,0,True
0,-60.553863192994534,0,True
0,-61.73430036773846,0,True
0,-68.38559164000795,0,True
0,-61.56153768014537,0,True
1,-59.9782140308164,0,False
1,-59.740819566219834,0,False
0,-70.16794253678655,0,True
0,-60.44570436939954,1,False
0,-65.88569108811662,0,True
0,-68.87624287417688,0,True
0,-70.82608355619263,0,True
1,-4.777680017903613,1,True
0,-62.99071882357418,1,False
0,-60.04518795608708,0,True
1,-4.777680017903613,1,True
0,-70.6141699672516,0,True
0,-70.38860218307313,0,True
1,-49.51993755416186,1,True
0,-60.322249257850466,0,True
0,-66.31417066039967,1,False
0,-64.2998279422079,0,True
1,-59.106683955275415,1,True
1,-56.19129914682604,1,True
0,-68.31344973128067,0,True
0,-66.31417066039967,1,False
0,-63.70514154775144,0,True
0,-66.80456703861233,0,True
1,-54.03637440353697,0,False
0,-66.2345022739591,0,True
0,-67.83407221814355,1,False
1,-52.322038620354604,1,True
0,-68.28920743062697,1,False
0,-71.19725165171252,0,True
0,-61.4736925644982,1,False
0,-70.632531823829,0,True
1,-59.90251466387868,1,True
0,-68.22295710055988,0,True
0,-65.70546297165254,1,False
1,-43.07878264446343,1,True
0,-60.543906787453245,0,True
0,-64.01008818971405,1,False
0,-60.05166652812331,0,True
1,-40.989197161834575,1,True
0,-60.91046406000246,0,True
0,-69.60253327040294,1,False
1,-53.562181063958974,1,True
0,-70.94482286001421,1,False
1,-59.106683955275415,1,True
1,-59.106683955275415,1,True
0,-60.58559147484293,0,True
1,-54.45033310944635,0,False
1,-57.39794933270407,0,False
1,-59.75438076228908,0,False
1,-56.10112404760141,0,False
0,-64.93997231978244,1,False
0,-61.10532871974491,0,True
1,-26.50923363029242,0,False
0,-64.44981080263976,0,True
0,-60.46984068278885,1,False
1,-59.106683955275415,1,True
0,-61.072340335291265,1,False
0,-62.99071882357418,1,False
0,-70.31278992999297,0,True
0,-66.22525713596083,1,False
1,-43.07878264446343,1,True
0,-61.663964085553594,1,False
1,-52.46118101494128,1,True
1,-59.90251466387868,1,True
1,-49.51993755416186,1,True
1,-31.843813766870717,1,True
0,-66.83075059699628,0,True
0,-60.65246917069674,0,True
1,-49.51993755416186,1,True
1,-50.253922247522155,1,True
0,-67.29642085010256,1,False
0,-68.54315784535267,1,False
0,-66.197294007078,0,True
0,-69.39229369199634,0,True
0,-66.43716373631251,1,False
0,-70.45290133249192,0,True
0,-65.94979112148107,1,False
0,-67.35502018410088,1,False
0,-67.29642085010256,1,False
0,-60.63420414933928,0,True
0,-69.2992473304619,0,True
0,-66.01701521443682,1,False
0,-60.47411107046404,0,True
1,-54.76069854944025,1,True
0,-60.44570436939954,1,False
1,-59.106683955275415,1,True
0,-60.81623099255885,1,False
0,-69.60160463079117,0,True
1,-4.777680017903613,1,True
0,-60.944615146694474,0,True
1,-56.19129914682604,1,True
1,-55.90589500698224,0,False
0,-60.41273699147672,1,False
0,-64.93997231978244,1,False
1,-59.99207231011208,0,False
0,-60.537767398007645,0,True
0,-69.62208775534961,0,True
1,-1.3560408277175071,0,False
1,-59.106683955275415,1,True
0,-66.44917531796456,0,True
0,-69.9779503143311,0,True
1,-40.79132179272747,1,True
0,-65.60002679277424,0,True
0,-68.77739711908,0,True
0,-64.93997231978244,1,False
0,-61.88126009058745,0,True
0,-67.88895707388758,1,False
1,-57.06543778560779,1,True
1,-59.106683955275415,1,True
1,-57.93460229379813,1,True
0,-66.6271241920285,0,True
0,-65.949602826716,0,True
0,-63.95622028298277,0,True
0,-68.25799040751794,1,False
0,-64.57056335956432,0,True
0,-72.09796287448391,0,True
0,-60.44570436939954,1,False
1,-56.19129914682604,1,True
0,-69.51011280404745,0,True
0,-60.79159975883008,0,True
0,-69.88982367389612,1,False
0,-60.295210308240875,0,True
1,-59.106683955275415,1,True
0,-70.06647321443799,0,True
0,-66.21077891976098,1,False
1,-3.7977535850087065,1,True
0,-66.25227194776005,1,False
0,-60.090321431872425,0,True
1,-49.51993755416186,1,True
1,-59.106683955275415,1,True
1,0.49791364405442806,1,True
1,-59.90251466387868,1,True
0,-60.33508361963829,0,True
0,-68.65617063547066,0,True
1,-39.61279766525764,1,True
0,-60.0895352932851,0,True
0,-63.71273534520196,1,False
0,-68.87504473444939,0,True
1,-59.106683955275415,1,True
1,-59.90251466387868,1,True
0,-66.77417418693153,0,True
0,-60.37602278847663,0,True
1,-59.106683955275415,1,True
1,-37.34170012660059,0,False
1,-59.422261971962534,0,False
1,-57.93460229379813,1,True
0,-69.16908279436409,1,False
0,-65.56639347811004,1,False
0,-61.1340905961849,0,True
0,-71.05667796340978,1,False
0,-60.07172734745368,0,True
0,-70.75497746222926,1,False
0,-60.18018024242922,0,True
1,-21.251380727124733,1,True
0,-68.00657888106646,1,False
0,-61.14192270716912,0,True
0,-66.99652109955196,0,True
0,-65.1366614043784,1,False
1,-57.309534346685986,0,False
1,-37.11153587310915,1,True
0,-60.44570436939954,1,False
1,-57.93460229379813,1,True
1,-49.51993755416186,1,True
0,-65.38916629675077,0,True
1,-57.93460229379813,1,True
1,-58.73282127032721,1,True
0,-67.39199724289314,1,False
0,-60.578245965261885,0,True
1,-59.106683955275415,1,True
1,-38.056639317365374,1,True
0,-66.04809487622558,0,True
0,-61.88126009058745,0,True
0,-69.07709290071683,0,True
1,-5.352059590013987,1,True
0,-69.64453768193958,0,True
1,-40.989197161834575,1,True
1,-56.19129914682604,1,True
0,-63.28538069276368,0,True
1,-6.060717820417494,0,False
1,-59.90251466387868,1,True
0,-70.99107369633924,0,True
0,-61.1377017098432,0,True
0,-65.52814898894785,0,True
0,-60.72274183422993,1,False
1,-43.07878264446343,1,True
0,-60.11232491987226,0,True
1,-57.93460229379813,1,True
0,-60.092675629718194,0,True
0,-66.07018555530527,0,True
0,-65.60724197822152,1,False
0,-68.18812185975844,0,True
0,-66.2019872395307,1,False
0,-70.37577589172,0,True
0,-67.80965067025517,1,False
0,-67.23159284760875,1,False
0,-68.6197275004302,0,True
0,-70.99695086629254,1,False
1,-55.81495508645559,0,False
1,-10.516331923067327,1,True
1,-43.07878264446343,1,True
0,-66.88651409171852,1,False
1,-56.07631317649784,1,True
0,-65.67810559875305,0,True
0,-64.93997231978244,1,False
0,-60.80647480633716,0,True
1,-60.04442487379487,0,False
0,-60.92189205091288,0,True
1,-36.44724863189492,1,True
0,-60.81623099255885,1,False
0,-67.29642085010256,1,False
0,-60.56044980387446,0,True
0,-62.043627166068504,0,True
0,-67.43838061874975,1,False
0,-64.81261757158622,1,False
0,-60.102000008802094,0,True
0,-69.21617221544011,0,True
0,-69.42396358214748,0,True
0,-71.95207232712225,0,True
0,-67.62506180769881,1,False
0,-60.213275284286915,0,True
1,-57.87679233887132,1,True
1,-56.19129914682604,1,True
0,-60.327114312044856,1,False
1,-59.323718310192696,1,True
0,-66.3059913698557,0,True
0,-67.44181242150978,0,True
0,-60.22167268269236,0,True
1,-43.07878264446343,1,True
1,-59.45936988300625,1,True
0,-69.56595922576686,0,True
0,-60.12956984161641,0,True
0,-63.050098819935386,0,True
1,-59.106683955275415,1,True
1,-6.064503610653674,0,False
1,-57.02831685016503,0,False
1,-40.989197161834575,1,True
1,-59.90251466387868,1,True
0,-60.62962793301506,0,True
0,-68.3258733913109,1,False
0,-60.158083363298275,0,True
1,-42.895221384452974,0,False
0,-60.58506238310621,0,True
0,-67.48730936551443,1,False
1,-60.042729054559,0,False
0,-69.09615316462427,1,False
1,-43.07878264446343,1,True
1,-35.51007070143928,1,True
1,-57.93460229379813,1,True
0,-60.44570436939954,1,False
0,-62.99071882357418,1,False
0,-60.468614442836866,0,True
0,-63.789331942095615,0,True
1,-59.57093689736402,1,True
0,-67.07728707416086,0,True
0,-63.82622124128143,0,True
1,-37.400337323179144,0,False
0,-69.26624590763561,1,False
0,-62.72726148813478,1,False
0,-64.93997231978244,1,False
0,-66.65245258252997,0,True
1,-50.00080715568499,1,True
0,-62.99071882357418,1,False
0,-65.72896145010479,0,True
0,-62.99071882357418,1,False
1,-49.51993755416186,1,True
0,-69.08346985641491,1,False
0,-64.2998279422079,0,True
1,-56.19129914682604,1,True
0,-65.4070158897248,1,False
1,-58.518977195664014,1,True
0,-67.1399965269172,0,True
0,-60.53126716835063,0,True
1,-58.72282019283784,0,False
1,-43.07878264446343,1,True
1,-57.93460229379813,1,True
0,-62.99071882357418,1,False
0,-64.93997231978244,1,False
0,-68.06620675702243,1,False
0,-60.60399313796004,0,True
0,-60.44570436939954,1,False
0,-63.22207908498385,0,True
0,-68.4646354686881,1,False
1,-60.008729584724186,0,False
0,-61.92890559632292,0,True
1,-59.106683955275415,1,True
0,-60.31148785466171,0,True
1,-58.72599193444642,0,False
0,-68.62232919532485,0,True
1,-38.9061103585611,1,True
0,-65.97767396424594,1,False
1,-37.59329075563188,1,True
1,-59.106683955275415,1,True
1,-53.562181063958974,1,True
0,-60.54992606010244,0,True
1,-57.93460229379813,1,True
1,-59.90251466387868,1,True
1,-57.93460229379813,1,True
1,-11.212336887989942,1,True
0,-66.35081324578714,0,True
0,-60.79353529145128,0,True
0,-60.57980888750467,0,True
1,-60.02244819297637,0,False
1,-43.07878264446343,1,True
1,-56.19129914682604,1,True
0,-66.64973012938086,1,False
1,-53.562181063958974,1,True
0,-66.45531294696438,0,True
0,-70.19224212134985,0,True
0,-66.9019372688185,0,True
1,-13.970017994646064,0,False
1,-59.291970432920785,1,True
0,-61.725268494164816,1,False
1,-53.562181063958974,1,True
0,-64.93997231978244,1,False
1,-59.90251466387868,1,True
1,-49.852309506736084,1,True
0,-66.80453134384106,0,True
1,-54.30399076356758,0,False
0,-60.298648797835284,0,True
1,-56.19129914682604,1,True
0,-66.67758030269762,0,True
1,-56.19129914682604,1,True
0,-70.8224531483164,1,False
1,-49.51993755416186,1,True
1,-47.6863529111297,1,True
1,-25.559665195978432,1,True
1,-31.843813766870717,1,True
1,-59.106683955275415,1,True
0,-63.17421954843266,0,True
0,-66.31417066039967,1,False
0,-71.90223693081452,0,True
1,-26.631106290708495,0,False
1,-11.212336887989942,1,True
1,-31.843813766870717,1,True
0,-66.0767409081298,1,False
0,-60.510418129154004,1,False
1,-26.631106290708495,0,False
1,-4.777680017903613,1,True
0,-70.10225796898726,0,True
0,-65.97825807451285,0,True
0,-62.2598171458435,1,False
1,-49.66954806770368,1,True
0,-66.48190296463412,0,True
1,-59.76520817520207,0,False
0,-60.44409162413074,0,True
0,-60.91052794737087,1,False
0,-60.67357153460471,0,True
1,-50.00080715568499,1,True
0,-63.17421954843266,0,True
1,-59.106683955275415,1,True
1,-40.989197161834575,1,True
0,-69.52709961658367,0,True
1,-59.106683955275415,1,True
1,-23.565856805317473,1,True
0,-66.11959865686316,0,True
0,-69.90401118242389,0,True
0,-66.36203957291438,0,True
1,-59.90251466387868,1,True
0,-60.04629556868015,0,True
1,-59.90251466387868,1,True
0,-61.25795915705968,1,False
1,-53.562181063958974,1,True
1,-53.52380152877536,1,True
1,-27.66740355891651,1,True
0,-67.47033372017106,0,True
0,-61.73430036773846,0,True
1,-3.858948149978893,0,False
1,-27.66740355891651,1,True
1,-59.106683955275415,1,True
0,-64.88320562489234,1,False
1,-10.15507381153985,1,True
0,-64.51451196218676,1,False
0,-60.822300916399385,0,True
1,-59.106683955275415,1,True
0,-60.18290123763146,1,False
0,-70.80272840178309,0,True
0,-60.44570436939954,1,False
1,-31.843813766870717,1,True
0,-60.61389389607438,0,True
0,-68.12969372506676,1,False
0,-60.55995295387625,0,True
0,-66.35257262004798,0,True
1,-53.562181063958974,1,True
0,-66.781880620947,0,True
0,-65.99736937880544,0,True
1,-31.843813766870717,1,True
1,-31.843813766870717,1,True
1,-59.08064340586019,0,False
0,-64.60339111579407,1,False
1,-37.351208904213365,0,False
1,-35.90367093628322,1,True
1,-60.04505095153495,0,False
0,-69.71814241119058,0,True
1,-59.13976186317348,0,False
0,-70.08737638848315,0,True
0,-60.36067786107148,1,False
0,-60.44570436939954,1,False
0,-66.31417066039967,1,False
1,-49.51993755416186,1,True
0,-61.88126009058745,0,True
1,-59.90251466387868,1,True
1,-57.93460229379813,1,True
0,-70.65180974074788,1,False
1,-40.989197161834575,1,True
0,-71.86345710499441,0,True
1,-59.106683955275415,1,True
1,-50.00080715568499,1,True
0,-61.13598919657657,1,False
1,-47.84452568768636,0,False
1,-60.01662348373286,0,False
1,-54.22311093880467,0,False
1,-59.106683955275415,1,True
1,-40.02518806833693,0,False
1,-59.106683955275415,1,True
1,-59.78784748816526,0,False
0,-63.71273534520196,1,False
0,-70.37260776002054,0,True
0,-60.302568441234754,0,True
0,-66.39985371578696,0,True
1,-35.552438522076535,1,True
0,-61.73430036773846,0,True
0,-65.74671180533254,0,True
0,-66.31417066039967,1,False
1,-58.958789912349296,1,True
0,-60.44570436939954,1,False
0,-67.47033020441637,0,True
0,-64.93997231978244,1,False
1,-59.997498319834435,1,True
0,-66.50298856278941,1,False
0,-64.14353335850736,1,False
0,-60.34729750652023,0,True
1,-49.51993755416186,1,True
1,-57.93460229379813,1,True
0,-65.74140798597578,1,False
0,-65.61831444223286,0,True
0,-66.24484085149969,0,True
1,-53.562181063958974,1,True
0,-66.09279354740619,1,False
0,-69.38073506081446,1,False
0,-69.96627255572585,0,True
0,-62.99071882357418,1,False
1,-57.7445899558026,1,True
0,-65.95694731025993,0,True
0,-60.679391989947526,1,False
1,-23.457172374267678,1,True
0,-66.86786346505934,0,True
1,-27.66740355891651,1,True
1,-49.51993755416186,1,True
1,-59.90251466387868,1,True
1,-38.79029557942022,0,False
1,-43.07878264446343,1,True
1,-43.07878264446343,1,True
0,-60.090321431872425,0,True
1,-55.9351411675742,0,False
1,-59.106683955275415,1,True
1,-60.0228945187613,0,False
0,-60.597950866591596,0,True
1,-57.93460229379813,1,True
0,-60.44570436939954,1,False
0,-65.64695407560478,0,True
0,-66.24895148697817,1,False
1,-31.843813766870717,1,True
1,-36.750695130204356,1,True
0,-66.31417066039967,1,False
0,-65.99209829933484,0,True
0,-70.3385006596084,0,True
0,-67.23645716033367,0,True
0,-66.20894202761045,1,False
1,-59.106683955275415,1,True
1,-57.93460229379813,1,True
0,-69.82753947967383,0,True
0,-66.75457874543349,1,False
0,-66.35609546117664,1,False
1,-40.88769223394088,0,False
0,-60.438796826761134,0,True
0,-69.67468979334923,0,True
1,-7.660371451305274,0,False
0,-68.89259289723523,0,True
1,-57.93460229379813,1,True
0,-62.99071882357418,1,False
0,-70.47676026266521,0,True
0,-62.99071882357418,1,False
1,-59.89584549991808,1,True
0,-68.89062242294374,0,True
0,-69.62851777639715,0,True
0,-61.73430036773846,0,True
1,-4.862936713053976,1,True
1,-59.106683955275415,1,True
0,-69.6894799777092,0,True
1,-38.6429100700495,0,False
1,-57.93460229379813,1,True
1,-38.55507270714452,0,False
0,-67.0017691753129,0,True
0,-64.2998279422079,0,True
0,-68.4705100152619,0,True
0,-61.73430036773846,0,True
0,-71.75433056732378,0,True
1,-59.293117912857554,0,False
0,-61.73430036773846,0,True
0,-61.08764625317426,1,False
0,-68.49339954343796,1,False
0,-62.99071882357418,1,False
0,-60.42689063296812,1,False
1,-50.00080715568499,1,True
1,-8.487551623067453,0,False
0,-70.32778498319387,0,True
1,-59.994174239390915,0,False
0,-67.00170488995042,0,True
1,-26.631106290708495,0,False
1,-59.90251466387868,1,True
1,-59.106683955275415,1,True
1,-56.07631317649784,1,True
1,-47.84452568768636,0,False
1,-52.46296530193636,0,False
1,-43.07878264446343,1,True
1,-40.989197161834575,1,True
1,-23.05176851755062,1,True
1,-4.777680017903613,1,True
0,-70.29720946645187,0,True
1,-58.6067526307373,1,True
0,-65.85419384850697,0,True
1,-31.843813766870717,1,True
0,-64.05052805971567,0,True
1,-59.365713858623536,1,True
1,-46.92596370070022,1,True
0,-60.59361024557357,0,True
0,-68.76230408411512,1,False
1,-60.044558692287566,0,False
0,-68.68719337543119,0,True
0,-67.96348101700536,0,True
0,-70.04152889289897,0,True
1,-50.44027135918172,1,True
1,-57.87679233887132,1,True
1,-59.90251466387868,1,True
1,-53.562181063958974,1,True
0,-60.452521983470334,0,True
0,-69.63865562031135,1,False
1,-57.93460229379813,1,True
1,-59.7903301282237,0,False
0,-62.99071882357418,1,False
0,-68.00657888106646,1,False
1,-59.106683955275415,1,True
0,-64.2998279422079,0,True
1,-43.07878264446343,1,True
0,-60.44570436939954,1,False
0,-64.88320562489234,1,False
1,-49.51993755416186,1,True
0,-60.6006866898127,0,True
0,-62.99071882357418,1,False
0,-61.022765876945655,0,True
0,-62.99071882357418,1,False
0,-60.69726842719821,0,True
0,-67.37215783757244,1,False
0,-60.91474412632346,0,True
0,-66.41033091009375,0,True
1,-59.106683955275415,1,True
0,-60.412234360084184,0,True
0,-67.09798588686125,0,True
1,-53.52327128735404,0,False
0,-60.05764021824962,0,True
0,-67.53642060025834,0,True
0,-60.61068355179432,0,True
0,-62.99071882357418,1,False
0,-60.197786889695315,1,False
1,-55.59767491848038,0,False
1,-6.064503610653674,0,False
1,-59.90251466387868,1,True
0,-62.51601848719967,0,True
0,-65.28732698834098,0,True
0,-67.76999393807623,0,True
1,-59.90251466387868,1,True
0,-67.29642085010256,1,False
1,-11.212336887989942,1,True
0,-60.572566616931276,0,True
1,-3.7977535850087065,1,True
0,-60.046852851877986,0,True
0,-70.03165654227833,0,True
0,-66.8590644528339,0,True
0,-66.39812265218893,0,True
0,-60.822300916399385,0,True
0,-66.85814829130753,0,True
0,-60.232512162574245,0,True
1,-31.843813766870717,1,True
0,-62.99071882357418,1,False
1,-50.12030885397405,0,False
1,-49.51993755416186,1,True
0,-72.44792025809808,0,True
1,-19.841255805425256,1,True
1,-31.843813766870717,1,True
0,-68.55940016686039,0,True
1,-56.19129914682604,1,True
1,-11.768229186436571,0,False
0,-70.03423506492712,0,True
0,-68.93269011007105,1,False
0,-60.44570436939954,1,False
0,-60.65929265685259,0,True
0,-60.44570436939954,1,False
0,-68.87111616037001,0,True
1,-56.860792927078755,1,True
0,-67.22142838645159,0,True
0,-63.65542636992882,1,False
1,-53.796006946807395,1,True
1,-8.818985423226685,1,True
1,-59.90251466387868,1,True
0,-64.01008818971405,1,False
0,-65.84927049228672,0,True
0,-60.13721616878315,0,True
0,-60.220468666702764,0,True
0,-60.04518795608708,0,True
0,-69.46774262574213,1,False
1,-53.96042605678735,0,False
0,-60.542697385535305,0,True
1,-48.729614410083066,1,True
1,-43.07878264446343,1,True
0,-66.45408848510074,1,False
1,-30.309211614403186,1,True
0,-68.77709653480504,1,False
1,-50.12030885397405,1,True
0,-67.53148413632326,0,True
0,-69.20263508839083,1,False
1,-4.777680017903613,1,True
0,-66.67508802634046,1,False
1,-41.95272840674932,0,False
1,-59.106683955275415,1,True
0,-70.89654922955518,1,False
1,-59.90251466387868,1,True
1,-40.891314438402325,1,True
0,-60.57359322326577,0,True
0,-63.97670922202077,1,False
1,-59.90251466387868,1,True
0,-60.60450690460468,0,True
0,-69.88148056174018,0,True
1,-58.8317619696415,1,True
0,-70.22920272330627,0,True
0,-61.02564868839651,1,False
1,-59.67569138041303,1,True
1,-57.93460229379813,1,True
0,-61.612750549859726,1,False
0,-63.88095766833479,0,True
1,-55.59767491848038,0,False
1,-59.90251466387868,1,True
1,-59.1237709236638,0,False
0,-61.31148073078919,0,True
1,-49.51993755416186,1,True
0,-60.1439310241722,0,True
0,-60.811061697481755,0,True
1,-59.90251466387868,1,True
0,-66.09684598423671,0,True
0,-66.22937260666805,0,True
1,-58.715429713682575,0,False
1,-43.07878264446343,1,True
1,-19.64637809175853,0,False
0,-60.43960025091804,1,False
1,-49.51993755416186,1,True
0,-62.99071882357418,1,False
0,-72.76884858114502,0,True
0,-66.85154085301032,0,True
0,-61.294477465127436,0,True
1,-49.192988123501785,1,True
0,-62.99071882357418,1,False
1,-31.843813766870717,1,True
1,-43.07878264446343,1,True
1,-39.54875969563352,1,True
1,-37.461451591809556,1,True
0,-62.99071882357418,1,False
0,-65.90244930315431,1,False
1,-31.843813766870717,1,True
0,-70.1826374229098,0,True
0,-65.86736301395449,0,True
0,-66.77133978516338,0,True
1,-49.51993755416186,1,True
1,-59.106683955275415,1,True
0,-60.44570436939954,1,False
0,-61.80731734824174,1,False
0,-66.88929455977646,0,True
0,-66.01851054410696,1,False
1,-59.96843090468872,1,True
0,-71.07626084855633,0,True
0,-60.57410752814584,0,True
0,-60.590384071318276,0,True
1,-59.106683955275415,1,True
1,-59.106683955275415,1,True
1,-49.51993755416186,1,True
1,-48.37340717510928,1,True
1,-38.59093411637033,0,False
0,-67.81946127877735,0,True
0,-64.22262223174859,0,True
1,-59.90251466387868,1,True
0,-69.27971646102773,1,False
1,-37.79884001078002,1,True
1,-57.93460229379813,1,True
1,-59.122304810928156,1,True
1,-27.66740355891651,1,True
1,-40.989197161834575,1,True
1,-39.61279766525764,1,True
1,-26.631106290708495,0,False
0,-60.483943290377454,0,True
1,-57.93460229379813,1,True
0,-69.29300963920934,0,True
1,-39.61279766525764,1,True
0,-68.93186823082694,1,False
1,-27.66740355891651,1,True
0,-60.07543823554178,0,True
1,-43.07878264446343,1,True
0,-60.25582975764237,1,False
1,-57.93460229379813,1,True
0,-67.85565240759601,0,True
0,-71.4332680856304,0,True
0,-69.17612240072813,0,True
0,-64.25062324376866,0,True
0,-60.787791669295096,0,True
0,-67.08480154531952,0,True
1,-28.734746444422807,0,False
1,-41.441483150823224,1,True
0,-63.94149476258593,0,True
1,-59.90251466387868,1,True
1,-25.035386163865198,1,True
1,-4.777680017903613,1,True
1,-41.41331633084948,0,False
0,-70.75001055930748,0,True
0,-69.879199035575,0,True
1,-32.14492116356167,1,True
1,-59.03648694897083,1,True
1,-26.966710267797993,1,True
0,-63.71273534520196,1,False
1,-59.106683955275415,1,True
0,-66.05155214740898,0,True
0,-62.99071882357418,1,False
0,-71.10661512318764,0,True
0,-68.98511682373494,1,False
0,-67.30045210355163,1,False
0,-76.26020287344801,0,True
0,-66.35073531215433,1,False
1,-59.83574456428162,1,True
0,-60.86298135296555,1,False
1,-59.3953376388822,1,True
0,-60.67351703488785,0,True
1,-43.07878264446343,1,True
1,-57.64455350704324,0,False
0,-60.35990202810338,0,True
0,-68.89043947043938,0,True
1,-50.11310169782425,1,True
0,-70.68963250372346,0,True
0,-60.883051862548285,0,True
1,-59.106683955275415,1,True
0,-60.61747884279609,0,True
0,-60.08424449112956,0,True
1,-59.979782431024915,1,True
1,-57.93460229379813,1,True
0,-69.97167523396494,0,True
0,-67.01824403871542,0,True
0,-60.44570436939954,1,False
0,-67.29642085010256,1,False
1,-56.19129914682604,1,True
1,-11.212336887989942,1,True
0,-64.93997231978244,1,False
0,-62.99071882357418,1,False
0,-68.93218598704993,1,False
0,-61.88126009058745,0,True
0,-64.0598989841779,0,True
0,-60.647277923325134,0,True
1,-58.71213556536234,1,True
1,-49.51993755416186,1,True
1,-57.93460229379813,1,True
0,-60.19415350389115,0,True
0,-64.2998279422079,0,True
1,-50.12030885397405,1,True
1,-60.04505095153495,0,False
1,-49.51993755416186,1,True
1,-50.00080715568499,1,True
0,-68.83852344480913,0,True
1,-49.51993755416186,1,True
1,-49.412893130294144,0,False
0,-72.4374002434247,0,True
0,-64.2998279422079,0,True
0,-60.44570436939954,1,False
0,-70.86321854166309,0,True
1,-60.04505095153495,0,False
1,-11.212336887989942,1,True
1,-31.843813766870717,1,True
1,-54.984716584419154,0,False
1,-50.00080715568499,1,True
0,-60.665931210916185,0,True
0,-60.18290123763146,1,False
0,-61.98390126439198,1,False
0,-68.25698187809249,0,True
1,-20.45021094485913,1,True
0,-63.17421954843266,0,True
0,-65.8194042984238,0,True
0,-69.98182882223642,1,False
0,-64.14353335850736,1,False
0,-66.83458832393104,1,False
1,-33.279172430129066,1,True
0,-61.461035343155885,0,True
0,-66.83799855472193,1,False
1,-50.12030885397405,0,False
0,-66.54564516398409,1,False
1,-41.445625959593144,0,False
0,-64.2998279422079,0,True
1,-48.7687456959641,0,False
1,-31.730534030327604,0,False
0,-69.31879160733448,0,True
1,-49.48793232568191,0,False
1,-31.843813766870717,1,True
1,-49.51993755416186,1,True
0,-68.17650130948854,0,True
1,-59.714932636155076,0,False
1,-47.84452568768636,0,False
1,-53.562181063958974,1,True
0,-64.70668875801618,1,False
0,-60.15797315623399,0,True
1,-57.93460229379813,1,True
0,-70.95450849519735,1,False
0,-65.81874996572992,0,True
0,-60.22732052380036,0,True
0,-66.78724667077084,0,True
0,-60.21172278853299,0,True
1,-56.07631317649784,1,True
0,-63.15174528610608,1,False
1,-23.48889196376154,1,True
1,-59.106683955275415,1,True
0,-70.01035802098033,0,True
1,-50.80965861890446,1,True
1,-56.86269357762135,0,False
1,-57.93460229379813,1,True
0,-65.85504379525872,1,False
0,-64.59793793171151,0,True
0,-69.96957235758734,0,True
0,-66.62121562303041,0,True
0,-60.18290123763146,1,False
0,-60.44570436939954,1,False
1,-59.14227918047369,1,True
1,-11.212336887989942,1,True
0,-69.06608305072108,0,True
1,-39.60644986217888,1,True
1,-43.07878264446343,1,True
1,-10.36251745078799,0,False
1,-53.659472868449406,1,True
0,-66.79901102243706,1,False
0,-65.57983508110357,0,True
0,-60.590384071318276,0,True
0,-60.57928723198983,0,True
0,-60.940626324878664,0,True
1,-27.66740355891651,1,True
0,-71.41497764516144,0,True
0,-60.44570436939954,1,False
1,-59.11964385105005,1,True
0,-60.86662113763592,0,True
0,-65.85911409913531,1,False
1,-30.140522788173534,1,True
1,-37.28161766741016,0,False
0,-67.56676761942725,0,True
1,-59.106683955275415,1,True
1,-54.44875793258525,1,True
0,-64.6721596278932,1,False
1,-27.66740355891651,1,True
1,-39.61279766525764,1,True
0,-65.44043216447305,0,True
1,-60.044311304262685,0,False
0,-62.3241973164141,0,True
0,-68.87615402669404,0,True
1,-11.212336887989942,1,True
0,-60.24113580585683,0,True
1,-4.777680017903613,1,True
1,-23.611994248227653,1,True
